id;date_mod;commit;version;doc;doc_content_type;author_id;doc_mod_id
1;2020-03-16;Directives application Home Loan Account;Dam;../fake-data/blob/hipster.png;image/png;1;1
2;2020-03-16;FTP Savings Account;deposit Tasty Metal Bacon Implementation;../fake-data/blob/hipster.png;image/png;1;2
3;2020-03-16;Soap methodology Albania;Home Namibia;../fake-data/blob/hipster.png;image/png;1;3
4;2020-03-16;zero administration;Multi-channelled Licensed;../fake-data/blob/hipster.png;image/png;2;4
5;2020-03-16;Cambridgeshire Mississippi;HDD;../fake-data/blob/hipster.png;image/png;2;5
6;2020-03-16;Small Frozen Sausages Planner;envisioneer Music Public-key;../fake-data/blob/hipster.png;image/png;1;6
7;2020-03-16;Rubber Buckinghamshire Games;incentivize Tuna copy;../fake-data/blob/hipster.png;image/png;1;7
8;2020-03-16;Mayotte;Industrial;../fake-data/blob/hipster.png;image/png;2;8
9;2020-03-16;Markets Chief;capacitor archive;../fake-data/blob/hipster.png;image/png;2;9
10;2020-03-16;Tasty Plastic Pizza scale;South Georgia and the South Sandwich Islands;../fake-data/blob/hipster.png;image/png;2;10
