id;nombre;fecha_creacion;descripcion;archivo;archivo_content_type;creador_id
1;mobile Fish;2020-01-06T03:32:19;Savings Account Dam;../fake-data/blob/hipster.png;image/png;1
2;Trace;2020-01-06T14:14:32;Metal deposit;../fake-data/blob/hipster.png;image/png;1
3;transmitter Implementation Electronics;2020-01-05T22:26:18;Money Market Account;../fake-data/blob/hipster.png;image/png;2
4;Grocery Home;2020-01-06T09:39:24;enable Gorgeous Frozen Pants;../fake-data/blob/hipster.png;image/png;1
5;Licensed Savings Account;2020-01-06T13:04:20;Planner Canyon;../fake-data/blob/hipster.png;image/png;2
6;Yuan Renminbi Centers;2020-01-06T21:55:58;Usability South Dakota envisioneer;../fake-data/blob/hipster.png;image/png;1
7;Public-key;2020-01-06T16:28:00;Bahamian Dollar Investment Account;../fake-data/blob/hipster.png;image/png;2
8;Salad;2020-01-06T12:51:57;Tuna;../fake-data/blob/hipster.png;image/png;2
9;convergence;2020-01-06T17:15:38;Georgia Industrial;../fake-data/blob/hipster.png;image/png;2
10;Views e-enable Communications;2020-01-06T04:47:48;archive Georgia Aruba;../fake-data/blob/hipster.png;image/png;2
